001001,Autauga, AL
001003,Baldwin, AL
001005,Barbour, AL
001007,Bibb, AL
001009,Blount, AL
001011,Bullock, AL
001013,Butler, AL
001015,Calhoun, AL
001017,Chambers, AL
001019,Cherokee, AL
001021,Chilton, AL
001023,Choctaw, AL
001025,Clarke, AL
001027,Clay, AL
001029,Cleburne, AL
001031,Coffee, AL
001033,Colbert, AL
001035,Conecuh, AL
001037,Coosa, AL
001039,Covington, AL
001041,Crenshaw, AL
001043,Cullman, AL
001045,Dale, AL
001047,Dallas, AL
001049,DeKalb, AL
001051,Elmore, AL
001053,Escambia, AL
001055,Etowah, AL
001057,Fayette, AL
001059,Franklin, AL
001061,Geneva, AL
001063,Greene, AL
001065,Hale, AL
001067,Henry, AL
001069,Houston, AL
001071,Jackson, AL
001073,Jefferson, AL
001075,Lamar, AL
001077,Lauderdale, AL
001079,Lawrence, AL
001081,Lee, AL
001083,Limestone, AL
001085,Lowndes, AL
001087,Macon, AL
001089,Madison, AL
001091,Marengo, AL
001093,Marion, AL
001095,Marshall, AL
001097,Mobile, AL
001099,Monroe, AL
001101,Montgomery, AL
001103,Morgan, AL
001105,Perry, AL
001107,Pickens, AL
001109,Pike, AL
001111,Randolph, AL
001113,Russell, AL
001115,St. Clair, AL
001117,Shelby, AL
001119,Sumter, AL
001121,Talladega, AL
001123,Tallapoosa, AL
001125,Tuscaloosa, AL
001127,Walker, AL
001129,Washington, AL
001131,Wilcox, AL
001133,Winston, AL
002013,Aleutians East, AK
002016,Aleutians West, AK
002020,Anchorage, AK
002050,Bethel, AK
002060,Bristol Bay, AK
002068,Denali, AK
002070,Dillingham, AK
002090,Fairbanks North Star, AK
002100,Haines, AK
002110,Juneau, AK
002122,Kenai Peninsula, AK
002130,Ketchikan Gateway, AK
002150,Kodiak Island, AK
002164,Lake and Peninsula, AK
002170,Matanuska-Susitna, AK
002180,Nome, AK
002185,North Slope, AK
002188,Northwest Arctic, AK
002201,Prince of Wales-Outer Ketchikan, AK
002220,Sitka, AK
002232,Skagway-Hoonah-Angoon, AK
002240,Southeast Fairbanks, AK
002261,Valdez-Cordova, AK
002270,Wade Hampton, AK
002280,Wrangell-Petersburg, AK
002282,Yakutat, AK
002290,Yukon-Koyukuk, AK
004001,Apache, AZ
004003,Cochise, AZ
004005,Coconino, AZ
004007,Gila, AZ
004009,Graham, AZ
004011,Greenlee, AZ
004012,La Paz, AZ
004013,Maricopa, AZ
004015,Mohave, AZ
004017,Navajo, AZ
004019,Pima, AZ
004021,Pinal, AZ
004023,Santa Cruz, AZ
004025,Yavapai, AZ
004027,Yuma, AZ
005001,Arkansas, AR
005003,Ashley, AR
005005,Baxter, AR
005007,Benton, AR
005009,Boone, AR
005011,Bradley, AR
005013,Calhoun, AR
005015,Carroll, AR
005017,Chicot, AR
005019,Clark, AR
005021,Clay, AR
005023,Cleburne, AR
005025,Cleveland, AR
005027,Columbia, AR
005029,Conway, AR
005031,Craighead, AR
005033,Crawford, AR
005035,Crittenden, AR
005037,Cross, AR
005039,Dallas, AR
005041,Desha, AR
005043,Drew, AR
005045,Faulkner, AR
005047,Franklin, AR
005049,Fulton, AR
005051,Garland, AR
005053,Grant, AR
005055,Greene, AR
005057,Hempstead, AR
005059,Hot Spring, AR
005061,Howard, AR
005063,Independence, AR
005065,Izard, AR
005067,Jackson, AR
005069,Jefferson, AR
005071,Johnson, AR
005073,Lafayette, AR
005075,Lawrence, AR
005077,Lee, AR
005079,Lincoln, AR
005081,Little River, AR
005083,Logan, AR
005085,Lonoke, AR
005087,Madison, AR
005089,Marion, AR
005091,Miller, AR
005093,Mississippi, AR
005095,Monroe, AR
005097,Montgomery, AR
005099,Nevada, AR
005101,Newton, AR
005103,Ouachita, AR
005105,Perry, AR
005107,Phillips, AR
005109,Pike, AR
005111,Poinsett, AR
005113,Polk, AR
005115,Pope, AR
005117,Prairie, AR
005119,Pulaski, AR
005121,Randolph, AR
005123,St. Francis, AR
005125,Saline, AR
005127,Scott, AR
005129,Searcy, AR
005131,Sebastian, AR
005133,Sevier, AR
005135,Sharp, AR
005137,Stone, AR
005139,Union, AR
005141,Van Buren, AR
005143,Washington, AR
005145,White, AR
005147,Woodruff, AR
005149,Yell, AR
006001,Alameda, CA
006003,Alpine, CA
006005,Amador, CA
006007,Butte, CA
006009,Calaveras, CA
006011,Colusa, CA
006013,Contra Costa, CA
006015,Del Norte, CA
006017,El Dorado, CA
006019,Fresno, CA
006021,Glenn, CA
006023,Humboldt, CA
006025,Imperial, CA
006027,Inyo, CA
006029,Kern, CA
006031,Kings, CA
006033,Lake, CA
006035,Lassen, CA
006037,Los Angeles, CA
006039,Madera, CA
006041,Marin, CA
006043,Mariposa, CA
006045,Mendocino, CA
006047,Merced, CA
006049,Modoc, CA
006051,Mono, CA
006053,Monterey, CA
006055,Napa, CA
006057,Nevada, CA
006059,Orange, CA
006061,Placer, CA
006063,Plumas, CA
006065,Riverside, CA
006067,Sacramento, CA
006069,San Benito, CA
006071,San Bernardino, CA
006073,San Diego, CA
006075,San Francisco, CA
006077,San Joaquin, CA
006079,San Luis Obispo, CA
006081,San Mateo, CA
006083,Santa Barbara, CA
006085,Santa Clara, CA
006087,Santa Cruz, CA
006089,Shasta, CA
006091,Sierra, CA
006093,Siskiyou, CA
006095,Solano, CA
006097,Sonoma, CA
006099,Stanislaus, CA
006101,Sutter, CA
006103,Tehama, CA
006105,Trinity, CA
006107,Tulare, CA
006109,Tuolumne, CA
006111,Ventura, CA
006113,Yolo, CA
006115,Yuba, CA
008001,Adams, CO
008003,Alamosa, CO
008005,Arapahoe, CO
008007,Archuleta, CO
008009,Baca, CO
008011,Bent, CO
008013,Boulder, CO
008014,Broomfield, CO
008015,Chaffee, CO
008017,Cheyenne, CO
008019,Clear Creek, CO
008021,Conejos, CO
008023,Costilla, CO
008025,Crowley, CO
008027,Custer, CO
008029,Delta, CO
008031,Denver, CO
008033,Dolores, CO
008035,Douglas, CO
008037,Eagle, CO
008039,Elbert, CO
008041,El Paso, CO
008043,Fremont, CO
008045,Garfield, CO
008047,Gilpin, CO
008049,Grand, CO
008051,Gunnison, CO
008053,Hinsdale, CO
008055,Huerfano, CO
008057,Jackson, CO
008059,Jefferson, CO
008061,Kiowa, CO
008063,Kit Carson, CO
008065,Lake, CO
008067,La Plata, CO
008069,Larimer, CO
008071,Las Animas, CO
008073,Lincoln, CO
008075,Logan, CO
008077,Mesa, CO
008079,Mineral, CO
008081,Moffat, CO
008083,Montezuma, CO
008085,Montrose, CO
008087,Morgan, CO
008089,Otero, CO
008091,Ouray, CO
008093,Park, CO
008095,Phillips, CO
008097,Pitkin, CO
008099,Prowers, CO
008101,Pueblo, CO
008103,Rio Blanco, CO
008105,Rio Grande, CO
008107,Routt, CO
008109,Saguache, CO
008111,San Juan, CO
008113,San Miguel, CO
008115,Sedgwick, CO
008117,Summit, CO
008119,Teller, CO
008121,Washington, CO
008123,Weld, CO
008125,Yuma, CO
009001,Fairfield, CT
009003,Hartford, CT
009005,Litchfield, CT
009007,Middlesex, CT
009009,New Haven, CT
009011,New London, CT
009013,Tolland, CT
009015,Windham, CT
010001,Kent, DE
010003,New Castle, DE
010005,Sussex, DE
011001,District of Columbia, DC
012001,Alachua, FL
012003,Baker, FL
012005,Bay, FL
012007,Bradford, FL
012009,Brevard, FL
012011,Broward, FL
012013,Calhoun, FL
012015,Charlotte, FL
012017,Citrus, FL
012019,Clay, FL
012021,Collier, FL
012023,Columbia, FL
012027,DeSoto, FL
012029,Dixie, FL
012031,Duval, FL
012033,Escambia, FL
012035,Flagler, FL
012037,Franklin, FL
012039,Gadsden, FL
012041,Gilchrist, FL
012043,Glades, FL
012045,Gulf, FL
012047,Hamilton, FL
012049,Hardee, FL
012051,Hendry, FL
012053,Hernando, FL
012055,Highlands, FL
012057,Hillsborough, FL
012059,Holmes, FL
012061,Indian River, FL
012063,Jackson, FL
012065,Jefferson, FL
012067,Lafayette, FL
012069,Lake, FL
012071,Lee, FL
012073,Leon, FL
012075,Levy, FL
012077,Liberty, FL
012079,Madison, FL
012081,Manatee, FL
012083,Marion, FL
012085,Martin, FL
012086,Miami-Dade, FL
012087,Monroe, FL
012089,Nassau, FL
012091,Okaloosa, FL
012093,Okeechobee, FL
012095,Orange, FL
012097,Osceola, FL
012099,Palm Beach, FL
012101,Pasco, FL
012103,Pinellas, FL
012105,Polk, FL
012107,Putnam, FL
012109,St. Johns, FL
012111,St. Lucie, FL
012113,Santa Rosa, FL
012115,Sarasota, FL
012117,Seminole, FL
012119,Sumter, FL
012121,Suwannee, FL
012123,Taylor, FL
012125,Union, FL
012127,Volusia, FL
012129,Wakulla, FL
012131,Walton, FL
012133,Washington, FL
013001,Appling, GA
013003,Atkinson, GA
013005,Bacon, GA
013007,Baker, GA
013009,Baldwin, GA
013011,Banks, GA
013013,Barrow, GA
013015,Bartow, GA
013017,Ben Hill, GA
013019,Berrien, GA
013021,Bibb, GA
013023,Bleckley, GA
013025,Brantley, GA
013027,Brooks, GA
013029,Bryan, GA
013031,Bulloch, GA
013033,Burke, GA
013035,Butts, GA
013037,Calhoun, GA
013039,Camden, GA
013043,Candler, GA
013045,Carroll, GA
013047,Catoosa, GA
013049,Charlton, GA
013051,Chatham, GA
013053,Chattahoochee, GA
013055,Chattooga, GA
013057,Cherokee, GA
013059,Clarke, GA
013061,Clay, GA
013063,Clayton, GA
013065,Clinch, GA
013067,Cobb, GA
013069,Coffee, GA
013071,Colquitt, GA
013073,Columbia, GA
013075,Cook, GA
013077,Coweta, GA
013079,Crawford, GA
013081,Crisp, GA
013083,Dade, GA
013085,Dawson, GA
013087,Decatur, GA
013089,DeKalb, GA
013091,Dodge, GA
013093,Dooly, GA
013095,Dougherty, GA
013097,Douglas, GA
013099,Early, GA
013101,Echols, GA
013103,Effingham, GA
013105,Elbert, GA
013107,Emanuel, GA
013109,Evans, GA
013111,Fannin, GA
013113,Fayette, GA
013115,Floyd, GA
013117,Forsyth, GA
013119,Franklin, GA
013121,Fulton, GA
013123,Gilmer, GA
013125,Glascock, GA
013127,Glynn, GA
013129,Gordon, GA
013131,Grady, GA
013133,Greene, GA
013135,Gwinnett, GA
013137,Habersham, GA
013139,Hall, GA
013141,Hancock, GA
013143,Haralson, GA
013145,Harris, GA
013147,Hart, GA
013149,Heard, GA
013151,Henry, GA
013153,Houston, GA
013155,Irwin, GA
013157,Jackson, GA
013159,Jasper, GA
013161,Jeff Davis, GA
013163,Jefferson, GA
013165,Jenkins, GA
013167,Johnson, GA
013169,Jones, GA
013171,Lamar, GA
013173,Lanier, GA
013175,Laurens, GA
013177,Lee, GA
013179,Liberty, GA
013181,Lincoln, GA
013183,Long, GA
013185,Lowndes, GA
013187,Lumpkin, GA
013189,McDuffie, GA
013191,McIntosh, GA
013193,Macon, GA
013195,Madison, GA
013197,Marion, GA
013199,Meriwether, GA
013201,Miller, GA
013205,Mitchell, GA
013207,Monroe, GA
013209,Montgomery, GA
013211,Morgan, GA
013213,Murray, GA
013215,Muscogee, GA
013217,Newton, GA
013219,Oconee, GA
013221,Oglethorpe, GA
013223,Paulding, GA
013225,Peach, GA
013227,Pickens, GA
013229,Pierce, GA
013231,Pike, GA
013233,Polk, GA
013235,Pulaski, GA
013237,Putnam, GA
013239,Quitman, GA
013241,Rabun, GA
013243,Randolph, GA
013245,Richmond, GA
013247,Rockdale, GA
013249,Schley, GA
013251,Screven, GA
013253,Seminole, GA
013255,Spalding, GA
013257,Stephens, GA
013259,Stewart, GA
013261,Sumter, GA
013263,Talbot, GA
013265,Taliaferro, GA
013267,Tattnall, GA
013269,Taylor, GA
013271,Telfair, GA
013273,Terrell, GA
013275,Thomas, GA
013277,Tift, GA
013279,Toombs, GA
013281,Towns, GA
013283,Treutlen, GA
013285,Troup, GA
013287,Turner, GA
013289,Twiggs, GA
013291,Union, GA
013293,Upson, GA
013295,Walker, GA
013297,Walton, GA
013299,Ware, GA
013301,Warren, GA
013303,Washington, GA
013305,Wayne, GA
013307,Webster, GA
013309,Wheeler, GA
013311,White, GA
013313,Whitfield, GA
013315,Wilcox, GA
013317,Wilkes, GA
013319,Wilkinson, GA
013321,Worth, GA
015001,Hawaii, HI
015003,Honolulu, HI
015005,Kalawao, HI
015007,Kauai, HI
015009,Maui, HI
016001,Ada, ID
016003,Adams, ID
016005,Bannock, ID
016007,Bear Lake, ID
016009,Benewah, ID
016011,Bingham, ID
016013,Blaine, ID
016015,Boise, ID
016017,Bonner, ID
016019,Bonneville, ID
016021,Boundary, ID
016023,Butte, ID
016025,Camas, ID
016027,Canyon, ID
016029,Caribou, ID
016031,Cassia, ID
016033,Clark, ID
016035,Clearwater, ID
016037,Custer, ID
016039,Elmore, ID
016041,Franklin, ID
016043,Fremont, ID
016045,Gem, ID
016047,Gooding, ID
016049,Idaho, ID
016051,Jefferson, ID
016053,Jerome, ID
016055,Kootenai, ID
016057,Latah, ID
016059,Lemhi, ID
016061,Lewis, ID
016063,Lincoln, ID
016065,Madison, ID
016067,Minidoka, ID
016069,Nez Perce, ID
016071,Oneida, ID
016073,Owyhee, ID
016075,Payette, ID
016077,Power, ID
016079,Shoshone, ID
016081,Teton, ID
016083,Twin Falls, ID
016085,Valley, ID
016087,Washington, ID
017001,Adams, IL
017003,Alexander, IL
017005,Bond, IL
017007,Boone, IL
017009,Brown, IL
017011,Bureau, IL
017013,Calhoun, IL
017015,Carroll, IL
017017,Cass, IL
017019,Champaign, IL
017021,Christian, IL
017023,Clark, IL
017025,Clay, IL
017027,Clinton, IL
017029,Coles, IL
017031,Cook, IL
017033,Crawford, IL
017035,Cumberland, IL
017037,DeKalb, IL
017039,De Witt, IL
017041,Douglas, IL
017043,DuPage, IL
017045,Edgar, IL
017047,Edwards, IL
017049,Effingham, IL
017051,Fayette, IL
017053,Ford, IL
017055,Franklin, IL
017057,Fulton, IL
017059,Gallatin, IL
017061,Greene, IL
017063,Grundy, IL
017065,Hamilton, IL
017067,Hancock, IL
017069,Hardin, IL
017071,Henderson, IL
017073,Henry, IL
017075,Iroquois, IL
017077,Jackson, IL
017079,Jasper, IL
017081,Jefferson, IL
017083,Jersey, IL
017085,Jo Daviess, IL
017087,Johnson, IL
017089,Kane, IL
017091,Kankakee, IL
017093,Kendall, IL
017095,Knox, IL
017097,Lake, IL
017099,La Salle, IL
017101,Lawrence, IL
017103,Lee, IL
017105,Livingston, IL
017107,Logan, IL
017109,McDonough, IL
017111,McHenry, IL
017113,McLean, IL
017115,Macon, IL
017117,Macoupin, IL
017119,Madison, IL
017121,Marion, IL
017123,Marshall, IL
017125,Mason, IL
017127,Massac, IL
017129,Menard, IL
017131,Mercer, IL
017133,Monroe, IL
017135,Montgomery, IL
017137,Morgan, IL
017139,Moultrie, IL
017141,Ogle, IL
017143,Peoria, IL
017145,Perry, IL
017147,Piatt, IL
017149,Pike, IL
017151,Pope, IL
017153,Pulaski, IL
017155,Putnam, IL
017157,Randolph, IL
017159,Richland, IL
017161,Rock Island, IL
017163,St. Clair, IL
017165,Saline, IL
017167,Sangamon, IL
017169,Schuyler, IL
017171,Scott, IL
017173,Shelby, IL
017175,Stark, IL
017177,Stephenson, IL
017179,Tazewell, IL
017181,Union, IL
017183,Vermilion, IL
017185,Wabash, IL
017187,Warren, IL
017189,Washington, IL
017191,Wayne, IL
017193,White, IL
017195,Whiteside, IL
017197,Will, IL
017199,Williamson, IL
017201,Winnebago, IL
017203,Woodford, IL
018001,Adams, IN
018003,Allen, IN
018005,Bartholomew, IN
018007,Benton, IN
018009,Blackford, IN
018011,Boone, IN
018013,Brown, IN
018015,Carroll, IN
018017,Cass, IN
018019,Clark, IN
018021,Clay, IN
018023,Clinton, IN
018025,Crawford, IN
018027,Daviess, IN
018029,Dearborn, IN
018031,Decatur, IN
018033,De Kalb, IN
018035,Delaware, IN
018037,Dubois, IN
018039,Elkhart, IN
018041,Fayette, IN
018043,Floyd, IN
018045,Fountain, IN
018047,Franklin, IN
018049,Fulton, IN
018051,Gibson, IN
018053,Grant, IN
018055,Greene, IN
018057,Hamilton, IN
018059,Hancock, IN
018061,Harrison, IN
018063,Hendricks, IN
018065,Henry, IN
018067,Howard, IN
018069,Huntington, IN
018071,Jackson, IN
018073,Jasper, IN
018075,Jay, IN
018077,Jefferson, IN
018079,Jennings, IN
018081,Johnson, IN
018083,Knox, IN
018085,Kosciusko, IN
018087,Lagrange, IN
018089,Lake, IN
018091,La Porte, IN
018093,Lawrence, IN
018095,Madison, IN
018097,Marion, IN
018099,Marshall, IN
018101,Martin, IN
018103,Miami, IN
018105,Monroe, IN
018107,Montgomery, IN
018109,Morgan, IN
018111,Newton, IN
018113,Noble, IN
018115,Ohio, IN
018117,Orange, IN
018119,Owen, IN
018121,Parke, IN
018123,Perry, IN
018125,Pike, IN
018127,Porter, IN
018129,Posey, IN
018131,Pulaski, IN
018133,Putnam, IN
018135,Randolph, IN
018137,Ripley, IN
018139,Rush, IN
018141,St. Joseph, IN
018143,Scott, IN
018145,Shelby, IN
018147,Spencer, IN
018149,Starke, IN
018151,Steuben, IN
018153,Sullivan, IN
018155,Switzerland, IN
018157,Tippecanoe, IN
018159,Tipton, IN
018161,Union, IN
018163,Vanderburgh, IN
018165,Vermillion, IN
018167,Vigo, IN
018169,Wabash, IN
018171,Warren, IN
018173,Warrick, IN
018175,Washington, IN
018177,Wayne, IN
018179,Wells, IN
018181,White, IN
018183,Whitley, IN
019001,Adair, IA
019003,Adams, IA
019005,Allamakee, IA
019007,Appanoose, IA
019009,Audubon, IA
019011,Benton, IA
019013,Black Hawk, IA
019015,Boone, IA
019017,Bremer, IA
019019,Buchanan, IA
019021,Buena Vista, IA
019023,Butler, IA
019025,Calhoun, IA
019027,Carroll, IA
019029,Cass, IA
019031,Cedar, IA
019033,Cerro Gordo, IA
019035,Cherokee, IA
019037,Chickasaw, IA
019039,Clarke, IA
019041,Clay, IA
019043,Clayton, IA
019045,Clinton, IA
019047,Crawford, IA
019049,Dallas, IA
019051,Davis, IA
019053,Decatur, IA
019055,Delaware, IA
019057,Des Moines, IA
019059,Dickinson, IA
019061,Dubuque, IA
019063,Emmet, IA
019065,Fayette, IA
019067,Floyd, IA
019069,Franklin, IA
019071,Fremont, IA
019073,Greene, IA
019075,Grundy, IA
019077,Guthrie, IA
019079,Hamilton, IA
019081,Hancock, IA
019083,Hardin, IA
019085,Harrison, IA
019087,Henry, IA
019089,Howard, IA
019091,Humboldt, IA
019093,Ida, IA
019095,Iowa, IA
019097,Jackson, IA
019099,Jasper, IA
019101,Jefferson, IA
019103,Johnson, IA
019105,Jones, IA
019107,Keokuk, IA
019109,Kossuth, IA
019111,Lee, IA
019113,Linn, IA
019115,Louisa, IA
019117,Lucas, IA
019119,Lyon, IA
019121,Madison, IA
019123,Mahaska, IA
019125,Marion, IA
019127,Marshall, IA
019129,Mills, IA
019131,Mitchell, IA
019133,Monona, IA
019135,Monroe, IA
019137,Montgomery, IA
019139,Muscatine, IA
019141,O'Brien, IA
019143,Osceola, IA
019145,Page, IA
019147,Palo Alto, IA
019149,Plymouth, IA
019151,Pocahontas, IA
019153,Polk, IA
019155,Pottawattamie, IA
019157,Poweshiek, IA
019159,Ringgold, IA
019161,Sac, IA
019163,Scott, IA
019165,Shelby, IA
019167,Sioux, IA
019169,Story, IA
019171,Tama, IA
019173,Taylor, IA
019175,Union, IA
019177,Van Buren, IA
019179,Wapello, IA
019181,Warren, IA
019183,Washington, IA
019185,Wayne, IA
019187,Webster, IA
019189,Winnebago, IA
019191,Winneshiek, IA
019193,Woodbury, IA
019195,Worth, IA
019197,Wright, IA
020001,Allen, KS
020003,Anderson, KS
020005,Atchison, KS
020007,Barber, KS
020009,Barton, KS
020011,Bourbon, KS
020013,Brown, KS
020015,Butler, KS
020017,Chase, KS
020019,Chautauqua, KS
020021,Cherokee, KS
020023,Cheyenne, KS
020025,Clark, KS
020027,Clay, KS
020029,Cloud, KS
020031,Coffey, KS
020033,Comanche, KS
020035,Cowley, KS
020037,Crawford, KS
020039,Decatur, KS
020041,Dickinson, KS
020043,Doniphan, KS
020045,Douglas, KS
020047,Edwards, KS
020049,Elk, KS
020051,Ellis, KS
020053,Ellsworth, KS
020055,Finney, KS
020057,Ford, KS
020059,Franklin, KS
020061,Geary, KS
020063,Gove, KS
020065,Graham, KS
020067,Grant, KS
020069,Gray, KS
020071,Greeley, KS
020073,Greenwood, KS
020075,Hamilton, KS
020077,Harper, KS
020079,Harvey, KS
020081,Haskell, KS
020083,Hodgeman, KS
020085,Jackson, KS
020087,Jefferson, KS
020089,Jewell, KS
020091,Johnson, KS
020093,Kearny, KS
020095,Kingman, KS
020097,Kiowa, KS
020099,Labette, KS
020101,Lane, KS
020103,Leavenworth, KS
020105,Lincoln, KS
020107,Linn, KS
020109,Logan, KS
020111,Lyon, KS
020113,McPherson, KS
020115,Marion, KS
020117,Marshall, KS
020119,Meade, KS
020121,Miami, KS
020123,Mitchell, KS
020125,Montgomery, KS
020127,Morris, KS
020129,Morton, KS
020131,Nemaha, KS
020133,Neosho, KS
020135,Ness, KS
020137,Norton, KS
020139,Osage, KS
020141,Osborne, KS
020143,Ottawa, KS
020145,Pawnee, KS
020147,Phillips, KS
020149,Pottawatomie, KS
020151,Pratt, KS
020153,Rawlins, KS
020155,Reno, KS
020157,Republic, KS
020159,Rice, KS
020161,Riley, KS
020163,Rooks, KS
020165,Rush, KS
020167,Russell, KS
020169,Saline, KS
020171,Scott, KS
020173,Sedgwick, KS
020175,Seward, KS
020177,Shawnee, KS
020179,Sheridan, KS
020181,Sherman, KS
020183,Smith, KS
020185,Stafford, KS
020187,Stanton, KS
020189,Stevens, KS
020191,Sumner, KS
020193,Thomas, KS
020195,Trego, KS
020197,Wabaunsee, KS
020199,Wallace, KS
020201,Washington, KS
020203,Wichita, KS
020205,Wilson, KS
020207,Woodson, KS
020209,Wyandotte, KS
021001,Adair, KY
021003,Allen, KY
021005,Anderson, KY
021007,Ballard, KY
021009,Barren, KY
021011,Bath, KY
021013,Bell, KY
021015,Boone, KY
021017,Bourbon, KY
021019,Boyd, KY
021021,Boyle, KY
021023,Bracken, KY
021025,Breathitt, KY
021027,Breckinridge, KY
021029,Bullitt, KY
021031,Butler, KY
021033,Caldwell, KY
021035,Calloway, KY
021037,Campbell, KY
021039,Carlisle, KY
021041,Carroll, KY
021043,Carter, KY
021045,Casey, KY
021047,Christian, KY
021049,Clark, KY
021051,Clay, KY
021053,Clinton, KY
021055,Crittenden, KY
021057,Cumberland, KY
021059,Daviess, KY
021061,Edmonson, KY
021063,Elliott, KY
021065,Estill, KY
021067,Fayette, KY
021069,Fleming, KY
021071,Floyd, KY
021073,Franklin, KY
021075,Fulton, KY
021077,Gallatin, KY
021079,Garrard, KY
021081,Grant, KY
021083,Graves, KY
021085,Grayson, KY
021087,Green, KY
021089,Greenup, KY
021091,Hancock, KY
021093,Hardin, KY
021095,Harlan, KY
021097,Harrison, KY
021099,Hart, KY
021101,Henderson, KY
021103,Henry, KY
021105,Hickman, KY
021107,Hopkins, KY
021109,Jackson, KY
021111,Jefferson, KY
021113,Jessamine, KY
021115,Johnson, KY
021117,Kenton, KY
021119,Knott, KY
021121,Knox, KY
021123,Larue, KY
021125,Laurel, KY
021127,Lawrence, KY
021129,Lee, KY
021131,Leslie, KY
021133,Letcher, KY
021135,Lewis, KY
021137,Lincoln, KY
021139,Livingston, KY
021141,Logan, KY
021143,Lyon, KY
021145,McCracken, KY
021147,McCreary, KY
021149,McLean, KY
021151,Madison, KY
021153,Magoffin, KY
021155,Marion, KY
021157,Marshall, KY
021159,Martin, KY
021161,Mason, KY
021163,Meade, KY
021165,Menifee, KY
021167,Mercer, KY
021169,Metcalfe, KY
021171,Monroe, KY
021173,Montgomery, KY
021175,Morgan, KY
021177,Muhlenberg, KY
021179,Nelson, KY
021181,Nicholas, KY
021183,Ohio, KY
021185,Oldham, KY
021187,Owen, KY
021189,Owsley, KY
021191,Pendleton, KY
021193,Perry, KY
021195,Pike, KY
021197,Powell, KY
021199,Pulaski, KY
021201,Robertson, KY
021203,Rockcastle, KY
021205,Rowan, KY
021207,Russell, KY
021209,Scott, KY
021211,Shelby, KY
021213,Simpson, KY
021215,Spencer, KY
021217,Taylor, KY
021219,Todd, KY
021221,Trigg, KY
021223,Trimble, KY
021225,Union, KY
021227,Warren, KY
021229,Washington, KY
021231,Wayne, KY
021233,Webster, KY
021235,Whitley, KY
021237,Wolfe, KY
021239,Woodford, KY
022001,Acadia, LA
022003,Allen, LA
022005,Ascension, LA
022007,Assumption, LA
022009,Avoyelles, LA
022011,Beauregard, LA
022013,Bienville, LA
022015,Bossier, LA
022017,Caddo, LA
022019,Calcasieu, LA
022021,Caldwell, LA
022023,Cameron, LA
022025,Catahoula, LA
022027,Claiborne, LA
022029,Concordia, LA
022031,De Soto, LA
022033,East Baton Rouge, LA
022035,East Carroll, LA
022037,East Feliciana, LA
022039,Evangeline, LA
022041,Franklin, LA
022043,Grant, LA
022045,Iberia, LA
022047,Iberville, LA
022049,Jackson, LA
022051,Jefferson, LA
022053,Jefferson Davis, LA
022055,Lafayette, LA
022057,Lafourche, LA
022059,La Salle, LA
022061,Lincoln, LA
022063,Livingston, LA
022065,Madison, LA
022067,Morehouse, LA
022069,Natchitoches, LA
022071,Orleans, LA
022073,Ouachita, LA
022075,Plaquemines, LA
022077,Pointe Coupee, LA
022079,Rapides, LA
022081,Red River, LA
022083,Richland, LA
022085,Sabine, LA
022087,St. Bernard, LA
022089,St. Charles, LA
022091,St. Helena, LA
022093,St. James, LA
022095,St. John the Baptist, LA
022097,St. Landry, LA
022099,St. Martin, LA
022101,St. Mary, LA
022103,St. Tammany, LA
022105,Tangipahoa, LA
022107,Tensas, LA
022109,Terrebonne, LA
022111,Union, LA
022113,Vermilion, LA
022115,Vernon, LA
022117,Washington, LA
022119,Webster, LA
022121,West Baton Rouge, LA
022123,West Carroll, LA
022125,West Feliciana, LA
022127,Winn, LA
023001,Androscoggin, ME
023003,Aroostook, ME
023005,Cumberland, ME
023007,Franklin, ME
023009,Hancock, ME
023011,Kennebec, ME
023013,Knox, ME
023015,Lincoln, ME
023017,Oxford, ME
023019,Penobscot, ME
023021,Piscataquis, ME
023023,Sagadahoc, ME
023025,Somerset, ME
023027,Waldo, ME
023029,Washington, ME
023031,York, ME
024001,Allegany, MD
024003,Anne Arundel, MD
024005,Baltimore, MD
024009,Calvert, MD
024011,Caroline, MD
024013,Carroll, MD
024015,Cecil, MD
024017,Charles, MD
024019,Dorchester, MD
024021,Frederick, MD
024023,Garrett, MD
024025,Harford, MD
024027,Howard, MD
024029,Kent, MD
024031,Montgomery, MD
024033,Prince George's, MD
024035,Queen Anne's, MD
024037,St. Mary's, MD
024039,Somerset, MD
024041,Talbot, MD
024043,Washington, MD
024045,Wicomico, MD
024047,Worcester, MD
024510,Baltimore (city), MD
025001,Barnstable, MA
025003,Berkshire, MA
025005,Bristol, MA
025007,Dukes, MA
025009,Essex, MA
025011,Franklin, MA
025013,Hampden, MA
025015,Hampshire, MA
025017,Middlesex, MA
025019,Nantucket, MA
025021,Norfolk, MA
025023,Plymouth, MA
025025,Suffolk, MA
025027,Worcester, MA
026001,Alcona, MI
026003,Alger, MI
026005,Allegan, MI
026007,Alpena, MI
026009,Antrim, MI
026011,Arenac, MI
026013,Baraga, MI
026015,Barry, MI
026017,Bay, MI
026019,Benzie, MI
026021,Berrien, MI
026023,Branch, MI
026025,Calhoun, MI
026027,Cass, MI
026029,Charlevoix, MI
026031,Cheboygan, MI
026033,Chippewa, MI
026035,Clare, MI
026037,Clinton, MI
026039,Crawford, MI
026041,Delta, MI
026043,Dickinson, MI
026045,Eaton, MI
026047,Emmet, MI
026049,Genesee, MI
026051,Gladwin, MI
026053,Gogebic, MI
026055,Grand Traverse, MI
026057,Gratiot, MI
026059,Hillsdale, MI
026061,Houghton, MI
026063,Huron, MI
026065,Ingham, MI
026067,Ionia, MI
026069,Iosco, MI
026071,Iron, MI
026073,Isabella, MI
026075,Jackson, MI
026077,Kalamazoo, MI
026079,Kalkaska, MI
026081,Kent, MI
026083,Keweenaw, MI
026085,Lake, MI
026087,Lapeer, MI
026089,Leelanau, MI
026091,Lenawee, MI
026093,Livingston, MI
026095,Luce, MI
026097,Mackinac, MI
026099,Macomb, MI
026101,Manistee, MI
026103,Marquette, MI
026105,Mason, MI
026107,Mecosta, MI
026109,Menominee, MI
026111,Midland, MI
026113,Missaukee, MI
026115,Monroe, MI
026117,Montcalm, MI
026119,Montmorency, MI
026121,Muskegon, MI
026123,Newaygo, MI
026125,Oakland, MI
026127,Oceana, MI
026129,Ogemaw, MI
026131,Ontonagon, MI
026133,Osceola, MI
026135,Oscoda, MI
026137,Otsego, MI
026139,Ottawa, MI
026141,Presque Isle, MI
026143,Roscommon, MI
026145,Saginaw, MI
026147,St. Clair, MI
026149,St. Joseph, MI
026151,Sanilac, MI
026153,Schoolcraft, MI
026155,Shiawassee, MI
026157,Tuscola, MI
026159,Van Buren, MI
026161,Washtenaw, MI
026163,Wayne, MI
026165,Wexford, MI
027001,Aitkin, MN
027003,Anoka, MN
027005,Becker, MN
027007,Beltrami, MN
027009,Benton, MN
027011,Big Stone, MN
027013,Blue Earth, MN
027015,Brown, MN
027017,Carlton, MN
027019,Carver, MN
027021,Cass, MN
027023,Chippewa, MN
027025,Chisago, MN
027027,Clay, MN
027029,Clearwater, MN
027031,Cook, MN
027033,Cottonwood, MN
027035,Crow Wing, MN
027037,Dakota, MN
027039,Dodge, MN
027041,Douglas, MN
027043,Faribault, MN
027045,Fillmore, MN
027047,Freeborn, MN
027049,Goodhue, MN
027051,Grant, MN
027053,Hennepin, MN
027055,Houston, MN
027057,Hubbard, MN
027059,Isanti, MN
027061,Itasca, MN
027063,Jackson, MN
027065,Kanabec, MN
027067,Kandiyohi, MN
027069,Kittson, MN
027071,Koochiching, MN
027073,Lac qui Parle, MN
027075,Lake, MN
027077,Lake of the Woods, MN
027079,Le Sueur, MN
027081,Lincoln, MN
027083,Lyon, MN
027085,McLeod, MN
027087,Mahnomen, MN
027089,Marshall, MN
027091,Martin, MN
027093,Meeker, MN
027095,Mille Lacs, MN
027097,Morrison, MN
027099,Mower, MN
027101,Murray, MN
027103,Nicollet, MN
027105,Nobles, MN
027107,Norman, MN
027109,Olmsted, MN
027111,Otter Tail, MN
027113,Pennington, MN
027115,Pine, MN
027117,Pipestone, MN
027119,Polk, MN
027121,Pope, MN
027123,Ramsey, MN
027125,Red Lake, MN
027127,Redwood, MN
027129,Renville, MN
027131,Rice, MN
027133,Rock, MN
027135,Roseau, MN
027137,St. Louis, MN
027139,Scott, MN
027141,Sherburne, MN
027143,Sibley, MN
027145,Stearns, MN
027147,Steele, MN
027149,Stevens, MN
027151,Swift, MN
027153,Todd, MN
027155,Traverse, MN
027157,Wabasha, MN
027159,Wadena, MN
027161,Waseca, MN
027163,Washington, MN
027165,Watonwan, MN
027167,Wilkin, MN
027169,Winona, MN
027171,Wright, MN
027173,Yellow Medicine, MN
028001,Adams, MS
028003,Alcorn, MS
028005,Amite, MS
028007,Attala, MS
028009,Benton, MS
028011,Bolivar, MS
028013,Calhoun, MS
028015,Carroll, MS
028017,Chickasaw, MS
028019,Choctaw, MS
028021,Claiborne, MS
028023,Clarke, MS
028025,Clay, MS
028027,Coahoma, MS
028029,Copiah, MS
028031,Covington, MS
028033,DeSoto, MS
028035,Forrest, MS
028037,Franklin, MS
028039,George, MS
028041,Greene, MS
028043,Grenada, MS
028045,Hancock, MS
028047,Harrison, MS
028049,Hinds, MS
028051,Holmes, MS
028053,Humphreys, MS
028055,Issaquena, MS
028057,Itawamba, MS
028059,Jackson, MS
028061,Jasper, MS
028063,Jefferson, MS
028065,Jefferson Davis, MS
028067,Jones, MS
028069,Kemper, MS
028071,Lafayette, MS
028073,Lamar, MS
028075,Lauderdale, MS
028077,Lawrence, MS
028079,Leake, MS
028081,Lee, MS
028083,Leflore, MS
028085,Lincoln, MS
028087,Lowndes, MS
028089,Madison, MS
028091,Marion, MS
028093,Marshall, MS
028095,Monroe, MS
028097,Montgomery, MS
028099,Neshoba, MS
028101,Newton, MS
028103,Noxubee, MS
028105,Oktibbeha, MS
028107,Panola, MS
028109,Pearl River, MS
028111,Perry, MS
028113,Pike, MS
028115,Pontotoc, MS
028117,Prentiss, MS
028119,Quitman, MS
028121,Rankin, MS
028123,Scott, MS
028125,Sharkey, MS
028127,Simpson, MS
028129,Smith, MS
028131,Stone, MS
028133,Sunflower, MS
028135,Tallahatchie, MS
028137,Tate, MS
028139,Tippah, MS
028141,Tishomingo, MS
028143,Tunica, MS
028145,Union, MS
028147,Walthall, MS
028149,Warren, MS
028151,Washington, MS
028153,Wayne, MS
028155,Webster, MS
028157,Wilkinson, MS
028159,Winston, MS
028161,Yalobusha, MS
028163,Yazoo, MS
029001,Adair, MO
029003,Andrew, MO
029005,Atchison, MO
029007,Audrain, MO
029009,Barry, MO
029011,Barton, MO
029013,Bates, MO
029015,Benton, MO
029017,Bollinger, MO
029019,Boone, MO
029021,Buchanan, MO
029023,Butler, MO
029025,Caldwell, MO
029027,Callaway, MO
029029,Camden, MO
029031,Cape Girardeau, MO
029033,Carroll, MO
029035,Carter, MO
029037,Cass, MO
029039,Cedar, MO
029041,Chariton, MO
029043,Christian, MO
029045,Clark, MO
029047,Clay, MO
029049,Clinton, MO
029051,Cole, MO
029053,Cooper, MO
029055,Crawford, MO
029057,Dade, MO
029059,Dallas, MO
029061,Daviess, MO
029063,DeKalb, MO
029065,Dent, MO
029067,Douglas, MO
029069,Dunklin, MO
029071,Franklin, MO
029073,Gasconade, MO
029075,Gentry, MO
029077,Greene, MO
029079,Grundy, MO
029081,Harrison, MO
029083,Henry, MO
029085,Hickory, MO
029087,Holt, MO
029089,Howard, MO
029091,Howell, MO
029093,Iron, MO
029095,Jackson, MO
029097,Jasper, MO
029099,Jefferson, MO
029101,Johnson, MO
029103,Knox, MO
029105,Laclede, MO
029107,Lafayette, MO
029109,Lawrence, MO
029111,Lewis, MO
029113,Lincoln, MO
029115,Linn, MO
029117,Livingston, MO
029119,McDonald, MO
029121,Macon, MO
029123,Madison, MO
029125,Maries, MO
029127,Marion, MO
029129,Mercer, MO
029131,Miller, MO
029133,Mississippi, MO
029135,Moniteau, MO
029137,Monroe, MO
029139,Montgomery, MO
029141,Morgan, MO
029143,New Madrid, MO
029145,Newton, MO
029147,Nodaway, MO
029149,Oregon, MO
029151,Osage, MO
029153,Ozark, MO
029155,Pemiscot, MO
029157,Perry, MO
029159,Pettis, MO
029161,Phelps, MO
029163,Pike, MO
029165,Platte, MO
029167,Polk, MO
029169,Pulaski, MO
029171,Putnam, MO
029173,Ralls, MO
029175,Randolph, MO
029177,Ray, MO
029179,Reynolds, MO
029181,Ripley, MO
029183,St. Charles, MO
029185,St. Clair, MO
029186,Ste. Genevieve, MO
029187,St. Francois, MO
029189,St. Louis, MO
029195,Saline, MO
029197,Schuyler, MO
029199,Scotland, MO
029201,Scott, MO
029203,Shannon, MO
029205,Shelby, MO
029207,Stoddard, MO
029209,Stone, MO
029211,Sullivan, MO
029213,Taney, MO
029215,Texas, MO
029217,Vernon, MO
029219,Warren, MO
029221,Washington, MO
029223,Wayne, MO
029225,Webster, MO
029227,Worth, MO
029229,Wright, MO
029510,St. Louis (city), MO
030001,Beaverhead, MT
030003,Big Horn, MT
030005,Blaine, MT
030007,Broadwater, MT
030009,Carbon, MT
030011,Carter, MT
030013,Cascade, MT
030015,Chouteau, MT
030017,Custer, MT
030019,Daniels, MT
030021,Dawson, MT
030023,Deer Lodge, MT
030025,Fallon, MT
030027,Fergus, MT
030029,Flathead, MT
030031,Gallatin, MT
030033,Garfield, MT
030035,Glacier, MT
030037,Golden Valley, MT
030039,Granite, MT
030041,Hill, MT
030043,Jefferson, MT
030045,Judith Basin, MT
030047,Lake, MT
030049,Lewis and Clark, MT
030051,Liberty, MT
030053,Lincoln, MT
030055,McCone, MT
030057,Madison, MT
030059,Meagher, MT
030061,Mineral, MT
030063,Missoula, MT
030065,Musselshell, MT
030067,Park, MT
030069,Petroleum, MT
030071,Phillips, MT
030073,Pondera, MT
030075,Powder River, MT
030077,Powell, MT
030079,Prairie, MT
030081,Ravalli, MT
030083,Richland, MT
030085,Roosevelt, MT
030087,Rosebud, MT
030089,Sanders, MT
030091,Sheridan, MT
030093,Silver Bow, MT
030095,Stillwater, MT
030097,Sweet Grass, MT
030099,Teton, MT
030101,Toole, MT
030103,Treasure, MT
030105,Valley, MT
030107,Wheatland, MT
030109,Wibaux, MT
030111,Yellowstone, MT
031001,Adams, NE
031003,Antelope, NE
031005,Arthur, NE
031007,Banner, NE
031009,Blaine, NE
031011,Boone, NE
031013,Box Butte, NE
031015,Boyd, NE
031017,Brown, NE
031019,Buffalo, NE
031021,Burt, NE
031023,Butler, NE
031025,Cass, NE
031027,Cedar, NE
031029,Chase, NE
031031,Cherry, NE
031033,Cheyenne, NE
031035,Clay, NE
031037,Colfax, NE
031039,Cuming, NE
031041,Custer, NE
031043,Dakota, NE
031045,Dawes, NE
031047,Dawson, NE
031049,Deuel, NE
031051,Dixon, NE
031053,Dodge, NE
031055,Douglas, NE
031057,Dundy, NE
031059,Fillmore, NE
031061,Franklin, NE
031063,Frontier, NE
031065,Furnas, NE
031067,Gage, NE
031069,Garden, NE
031071,Garfield, NE
031073,Gosper, NE
031075,Grant, NE
031077,Greeley, NE
031079,Hall, NE
031081,Hamilton, NE
031083,Harlan, NE
031085,Hayes, NE
031087,Hitchcock, NE
031089,Holt, NE
031091,Hooker, NE
031093,Howard, NE
031095,Jefferson, NE
031097,Johnson, NE
031099,Kearney, NE
031101,Keith, NE
031103,Keya Paha, NE
031105,Kimball, NE
031107,Knox, NE
031109,Lancaster, NE
031111,Lincoln, NE
031113,Logan, NE
031115,Loup, NE
031117,McPherson, NE
031119,Madison, NE
031121,Merrick, NE
031123,Morrill, NE
031125,Nance, NE
031127,Nemaha, NE
031129,Nuckolls, NE
031131,Otoe, NE
031133,Pawnee, NE
031135,Perkins, NE
031137,Phelps, NE
031139,Pierce, NE
031141,Platte, NE
031143,Polk, NE
031145,Red Willow, NE
031147,Richardson, NE
031149,Rock, NE
031151,Saline, NE
031153,Sarpy, NE
031155,Saunders, NE
031157,Scotts Bluff, NE
031159,Seward, NE
031161,Sheridan, NE
031163,Sherman, NE
031165,Sioux, NE
031167,Stanton, NE
031169,Thayer, NE
031171,Thomas, NE
031173,Thurston, NE
031175,Valley, NE
031177,Washington, NE
031179,Wayne, NE
031181,Webster, NE
031183,Wheeler, NE
031185,York, NE
032001,Churchill, NV
032003,Clark, NV
032005,Douglas, NV
032007,Elko, NV
032009,Esmeralda, NV
032011,Eureka, NV
032013,Humboldt, NV
032015,Lander, NV
032017,Lincoln, NV
032019,Lyon, NV
032021,Mineral, NV
032023,Nye, NV
032027,Pershing, NV
032029,Storey, NV
032031,Washoe, NV
032033,White Pine, NV
032510,Carson (city), NV
033001,Belknap, NH
033003,Carroll, NH
033005,Cheshire, NH
033007,Coos, NH
033009,Grafton, NH
033011,Hillsborough, NH
033013,Merrimack, NH
033015,Rockingham, NH
033017,Strafford, NH
033019,Sullivan, NH
034001,Atlantic, NJ
034003,Bergen, NJ
034005,Burlington, NJ
034007,Camden, NJ
034009,Cape May, NJ
034011,Cumberland, NJ
034013,Essex, NJ
034015,Gloucester, NJ
034017,Hudson, NJ
034019,Hunterdon, NJ
034021,Mercer, NJ
034023,Middlesex, NJ
034025,Monmouth, NJ
034027,Morris, NJ
034029,Ocean, NJ
034031,Passaic, NJ
034033,Salem, NJ
034035,Somerset, NJ
034037,Sussex, NJ
034039,Union, NJ
034041,Warren, NJ
035001,Bernalillo, NM
035003,Catron, NM
035005,Chaves, NM
035006,Cibola, NM
035007,Colfax, NM
035009,Curry, NM
035011,DeBaca, NM
035013,Dona Ana, NM
035015,Eddy, NM
035017,Grant, NM
035019,Guadalupe, NM
035021,Harding, NM
035023,Hidalgo, NM
035025,Lea, NM
035027,Lincoln, NM
035028,Los Alamos, NM
035029,Luna, NM
035031,McKinley, NM
035033,Mora, NM
035035,Otero, NM
035037,Quay, NM
035039,Rio Arriba, NM
035041,Roosevelt, NM
035043,Sandoval, NM
035045,San Juan, NM
035047,San Miguel, NM
035049,Santa Fe, NM
035051,Sierra, NM
035053,Socorro, NM
035055,Taos, NM
035057,Torrance, NM
035059,Union, NM
035061,Valencia, NM
036001,Albany, NY
036003,Allegany, NY
036005,Bronx, NY
036007,Broome, NY
036009,Cattaraugus, NY
036011,Cayuga, NY
036013,Chautauqua, NY
036015,Chemung, NY
036017,Chenango, NY
036019,Clinton, NY
036021,Columbia, NY
036023,Cortland, NY
036025,Delaware, NY
036027,Dutchess, NY
036029,Erie, NY
036031,Essex, NY
036033,Franklin, NY
036035,Fulton, NY
036037,Genesee, NY
036039,Greene, NY
036041,Hamilton, NY
036043,Herkimer, NY
036045,Jefferson, NY
036047,Kings, NY
036049,Lewis, NY
036051,Livingston, NY
036053,Madison, NY
036055,Monroe, NY
036057,Montgomery, NY
036059,Nassau, NY
036061,New York, NY
036063,Niagara, NY
036065,Oneida, NY
036067,Onondaga, NY
036069,Ontario, NY
036071,Orange, NY
036073,Orleans, NY
036075,Oswego, NY
036077,Otsego, NY
036079,Putnam, NY
036081,Queens, NY
036083,Rensselaer, NY
036085,Richmond, NY
036087,Rockland, NY
036089,St. Lawrence, NY
036091,Saratoga, NY
036093,Schenectady, NY
036095,Schoharie, NY
036097,Schuyler, NY
036099,Seneca, NY
036101,Steuben, NY
036103,Suffolk, NY
036105,Sullivan, NY
036107,Tioga, NY
036109,Tompkins, NY
036111,Ulster, NY
036113,Warren, NY
036115,Washington, NY
036117,Wayne, NY
036119,Westchester, NY
036121,Wyoming, NY
036123,Yates, NY
037001,Alamance, NC
037003,Alexander, NC
037005,Alleghany, NC
037007,Anson, NC
037009,Ashe, NC
037011,Avery, NC
037013,Beaufort, NC
037015,Bertie, NC
037017,Bladen, NC
037019,Brunswick, NC
037021,Buncombe, NC
037023,Burke, NC
037025,Cabarrus, NC
037027,Caldwell, NC
037029,Camden, NC
037031,Carteret, NC
037033,Caswell, NC
037035,Catawba, NC
037037,Chatham, NC
037039,Cherokee, NC
037041,Chowan, NC
037043,Clay, NC
037045,Cleveland, NC
037047,Columbus, NC
037049,Craven, NC
037051,Cumberland, NC
037053,Currituck, NC
037055,Dare, NC
037057,Davidson, NC
037059,Davie, NC
037061,Duplin, NC
037063,Durham, NC
037065,Edgecombe, NC
037067,Forsyth, NC
037069,Franklin, NC
037071,Gaston, NC
037073,Gates, NC
037075,Graham, NC
037077,Granville, NC
037079,Greene, NC
037081,Guilford, NC
037083,Halifax, NC
037085,Harnett, NC
037087,Haywood, NC
037089,Henderson, NC
037091,Hertford, NC
037093,Hoke, NC
037095,Hyde, NC
037097,Iredell, NC
037099,Jackson, NC
037101,Johnston, NC
037103,Jones, NC
037105,Lee, NC
037107,Lenoir, NC
037109,Lincoln, NC
037111,McDowell, NC
037113,Macon, NC
037115,Madison, NC
037117,Martin, NC
037119,Mecklenburg, NC
037121,Mitchell, NC
037123,Montgomery, NC
037125,Moore, NC
037127,Nash, NC
037129,New Hanover, NC
037131,Northampton, NC
037133,Onslow, NC
037135,Orange, NC
037137,Pamlico, NC
037139,Pasquotank, NC
037141,Pender, NC
037143,Perquimans, NC
037145,Person, NC
037147,Pitt, NC
037149,Polk, NC
037151,Randolph, NC
037153,Richmond, NC
037155,Robeson, NC
037157,Rockingham, NC
037159,Rowan, NC
037161,Rutherford, NC
037163,Sampson, NC
037165,Scotland, NC
037167,Stanly, NC
037169,Stokes, NC
037171,Surry, NC
037173,Swain, NC
037175,Transylvania, NC
037177,Tyrrell, NC
037179,Union, NC
037181,Vance, NC
037183,Wake, NC
037185,Warren, NC
037187,Washington, NC
037189,Watauga, NC
037191,Wayne, NC
037193,Wilkes, NC
037195,Wilson, NC
037197,Yadkin, NC
037199,Yancey, NC
038001,Adams, ND
038003,Barnes, ND
038005,Benson, ND
038007,Billings, ND
038009,Bottineau, ND
038011,Bowman, ND
038013,Burke, ND
038015,Burleigh, ND
038017,Cass, ND
038019,Cavalier, ND
038021,Dickey, ND
038023,Divide, ND
038025,Dunn, ND
038027,Eddy, ND
038029,Emmons, ND
038031,Foster, ND
038033,Golden Valley, ND
038035,Grand Forks, ND
038037,Grant, ND
038039,Griggs, ND
038041,Hettinger, ND
038043,Kidder, ND
038045,LaMoure, ND
038047,Logan, ND
038049,McHenry, ND
038051,McIntosh, ND
038053,McKenzie, ND
038055,McLean, ND
038057,Mercer, ND
038059,Morton, ND
038061,Mountrail, ND
038063,Nelson, ND
038065,Oliver, ND
038067,Pembina, ND
038069,Pierce, ND
038071,Ramsey, ND
038073,Ransom, ND
038075,Renville, ND
038077,Richland, ND
038079,Rolette, ND
038081,Sargent, ND
038083,Sheridan, ND
038085,Sioux, ND
038087,Slope, ND
038089,Stark, ND
038091,Steele, ND
038093,Stutsman, ND
038095,Towner, ND
038097,Traill, ND
038099,Walsh, ND
038101,Ward, ND
038103,Wells, ND
038105,Williams, ND
039001,Adams, OH
039003,Allen, OH
039005,Ashland, OH
039007,Ashtabula, OH
039009,Athens, OH
039011,Auglaize, OH
039013,Belmont, OH
039015,Brown, OH
039017,Butler, OH
039019,Carroll, OH
039021,Champaign, OH
039023,Clark, OH
039025,Clermont, OH
039027,Clinton, OH
039029,Columbiana, OH
039031,Coshocton, OH
039033,Crawford, OH
039035,Cuyahoga, OH
039037,Darke, OH
039039,Defiance, OH
039041,Delaware, OH
039043,Erie, OH
039045,Fairfield, OH
039047,Fayette, OH
039049,Franklin, OH
039051,Fulton, OH
039053,Gallia, OH
039055,Geauga, OH
039057,Greene, OH
039059,Guernsey, OH
039061,Hamilton, OH
039063,Hancock, OH
039065,Hardin, OH
039067,Harrison, OH
039069,Henry, OH
039071,Highland, OH
039073,Hocking, OH
039075,Holmes, OH
039077,Huron, OH
039079,Jackson, OH
039081,Jefferson, OH
039083,Knox, OH
039085,Lake, OH
039087,Lawrence, OH
039089,Licking, OH
039091,Logan, OH
039093,Lorain, OH
039095,Lucas, OH
039097,Madison, OH
039099,Mahoning, OH
039101,Marion, OH
039103,Medina, OH
039105,Meigs, OH
039107,Mercer, OH
039109,Miami, OH
039111,Monroe, OH
039113,Montgomery, OH
039115,Morgan, OH
039117,Morrow, OH
039119,Muskingum, OH
039121,Noble, OH
039123,Ottawa, OH
039125,Paulding, OH
039127,Perry, OH
039129,Pickaway, OH
039131,Pike, OH
039133,Portage, OH
039135,Preble, OH
039137,Putnam, OH
039139,Richland, OH
039141,Ross, OH
039143,Sandusky, OH
039145,Scioto, OH
039147,Seneca, OH
039149,Shelby, OH
039151,Stark, OH
039153,Summit, OH
039155,Trumbull, OH
039157,Tuscarawas, OH
039159,Union, OH
039161,Van Wert, OH
039163,Vinton, OH
039165,Warren, OH
039167,Washington, OH
039169,Wayne, OH
039171,Williams, OH
039173,Wood, OH
039175,Wyandot, OH
040001,Adair, OK
040003,Alfalfa, OK
040005,Atoka, OK
040007,Beaver, OK
040009,Beckham, OK
040011,Blaine, OK
040013,Bryan, OK
040015,Caddo, OK
040017,Canadian, OK
040019,Carter, OK
040021,Cherokee, OK
040023,Choctaw, OK
040025,Cimarron, OK
040027,Cleveland, OK
040029,Coal, OK
040031,Comanche, OK
040033,Cotton, OK
040035,Craig, OK
040037,Creek, OK
040039,Custer, OK
040041,Delaware, OK
040043,Dewey, OK
040045,Ellis, OK
040047,Garfield, OK
040049,Garvin, OK
040051,Grady, OK
040053,Grant, OK
040055,Greer, OK
040057,Harmon, OK
040059,Harper, OK
040061,Haskell, OK
040063,Hughes, OK
040065,Jackson, OK
040067,Jefferson, OK
040069,Johnston, OK
040071,Kay, OK
040073,Kingfisher, OK
040075,Kiowa, OK
040077,Latimer, OK
040079,Le Flore, OK
040081,Lincoln, OK
040083,Logan, OK
040085,Love, OK
040087,McClain, OK
040089,McCurtain, OK
040091,McIntosh, OK
040093,Major, OK
040095,Marshall, OK
040097,Mayes, OK
040099,Murray, OK
040101,Muskogee, OK
040103,Noble, OK
040105,Nowata, OK
040107,Okfuskee, OK
040109,Oklahoma, OK
040111,Okmulgee, OK
040113,Osage, OK
040115,Ottawa, OK
040117,Pawnee, OK
040119,Payne, OK
040121,Pittsburg, OK
040123,Pontotoc, OK
040125,Pottawatomie, OK
040127,Pushmataha, OK
040129,Roger Mills, OK
040131,Rogers, OK
040133,Seminole, OK
040135,Sequoyah, OK
040137,Stephens, OK
040139,Texas, OK
040141,Tillman, OK
040143,Tulsa, OK
040145,Wagoner, OK
040147,Washington, OK
040149,Washita, OK
040151,Woods, OK
040153,Woodward, OK
041001,Baker, OR
041003,Benton, OR
041005,Clackamas, OR
041007,Clatsop, OR
041009,Columbia, OR
041011,Coos, OR
041013,Crook, OR
041015,Curry, OR
041017,Deschutes, OR
041019,Douglas, OR
041021,Gilliam, OR
041023,Grant, OR
041025,Harney, OR
041027,Hood River, OR
041029,Jackson, OR
041031,Jefferson, OR
041033,Josephine, OR
041035,Klamath, OR
041037,Lake, OR
041039,Lane, OR
041041,Lincoln, OR
041043,Linn, OR
041045,Malheur, OR
041047,Marion, OR
041049,Morrow, OR
041051,Multnomah, OR
041053,Polk, OR
041055,Sherman, OR
041057,Tillamook, OR
041059,Umatilla, OR
041061,Union, OR
041063,Wallowa, OR
041065,Wasco, OR
041067,Washington, OR
041069,Wheeler, OR
041071,Yamhill, OR
042001,Adams, PA
042003,Allegheny, PA
042005,Armstrong, PA
042007,Beaver, PA
042009,Bedford, PA
042011,Berks, PA
042013,Blair, PA
042015,Bradford, PA
042017,Bucks, PA
042019,Butler, PA
042021,Cambria, PA
042023,Cameron, PA
042025,Carbon, PA
042027,Centre, PA
042029,Chester, PA
042031,Clarion, PA
042033,Clearfield, PA
042035,Clinton, PA
042037,Columbia, PA
042039,Crawford, PA
042041,Cumberland, PA
042043,Dauphin, PA
042045,Delaware, PA
042047,Elk, PA
042049,Erie, PA
042051,Fayette, PA
042053,Forest, PA
042055,Franklin, PA
042057,Fulton, PA
042059,Greene, PA
042061,Huntingdon, PA
042063,Indiana, PA
042065,Jefferson, PA
042067,Juniata, PA
042069,Lackawanna, PA
042071,Lancaster, PA
042073,Lawrence, PA
042075,Lebanon, PA
042077,Lehigh, PA
042079,Luzerne, PA
042081,Lycoming, PA
042083,McKean, PA
042085,Mercer, PA
042087,Mifflin, PA
042089,Monroe, PA
042091,Montgomery, PA
042093,Montour, PA
042095,Northampton, PA
042097,Northumberland, PA
042099,Perry, PA
042101,Philadelphia, PA
042103,Pike, PA
042105,Potter, PA
042107,Schuylkill, PA
042109,Snyder, PA
042111,Somerset, PA
042113,Sullivan, PA
042115,Susquehanna, PA
042117,Tioga, PA
042119,Union, PA
042121,Venango, PA
042123,Warren, PA
042125,Washington, PA
042127,Wayne, PA
042129,Westmoreland, PA
042131,Wyoming, PA
042133,York, PA
044001,Bristol, RI
044003,Kent, RI
044005,Newport, RI
044007,Providence, RI
044009,Washington, RI
045001,Abbeville, SC
045003,Aiken, SC
045005,Allendale, SC
045007,Anderson, SC
045009,Bamberg, SC
045011,Barnwell, SC
045013,Beaufort, SC
045015,Berkeley, SC
045017,Calhoun, SC
045019,Charleston, SC
045021,Cherokee, SC
045023,Chester, SC
045025,Chesterfield, SC
045027,Clarendon, SC
045029,Colleton, SC
045031,Darlington, SC
045033,Dillon, SC
045035,Dorchester, SC
045037,Edgefield, SC
045039,Fairfield, SC
045041,Florence, SC
045043,Georgetown, SC
045045,Greenville, SC
045047,Greenwood, SC
045049,Hampton, SC
045051,Horry, SC
045053,Jasper, SC
045055,Kershaw, SC
045057,Lancaster, SC
045059,Laurens, SC
045061,Lee, SC
045063,Lexington, SC
045065,McCormick, SC
045067,Marion, SC
045069,Marlboro, SC
045071,Newberry, SC
045073,Oconee, SC
045075,Orangeburg, SC
045077,Pickens, SC
045079,Richland, SC
045081,Saluda, SC
045083,Spartanburg, SC
045085,Sumter, SC
045087,Union, SC
045089,Williamsburg, SC
045091,York, SC
046003,Aurora, SD
046005,Beadle, SD
046007,Bennett, SD
046009,Bon Homme, SD
046011,Brookings, SD
046013,Brown, SD
046015,Brule, SD
046017,Buffalo, SD
046019,Butte, SD
046021,Campbell, SD
046023,Charles Mix, SD
046025,Clark, SD
046027,Clay, SD
046029,Codington, SD
046031,Corson, SD
046033,Custer, SD
046035,Davison, SD
046037,Day, SD
046039,Deuel, SD
046041,Dewey, SD
046043,Douglas, SD
046045,Edmunds, SD
046047,Fall River, SD
046049,Faulk, SD
046051,Grant, SD
046053,Gregory, SD
046055,Haakon, SD
046057,Hamlin, SD
046059,Hand, SD
046061,Hanson, SD
046063,Harding, SD
046065,Hughes, SD
046067,Hutchinson, SD
046069,Hyde, SD
046071,Jackson, SD
046073,Jerauld, SD
046075,Jones, SD
046077,Kingsbury, SD
046079,Lake, SD
046081,Lawrence, SD
046083,Lincoln, SD
046085,Lyman, SD
046087,McCook, SD
046089,McPherson, SD
046091,Marshall, SD
046093,Meade, SD
046095,Mellette, SD
046097,Miner, SD
046099,Minnehaha, SD
046101,Moody, SD
046103,Pennington, SD
046105,Perkins, SD
046107,Potter, SD
046109,Roberts, SD
046111,Sanborn, SD
046113,Shannon, SD
046115,Spink, SD
046117,Stanley, SD
046119,Sully, SD
046121,Todd, SD
046123,Tripp, SD
046125,Turner, SD
046127,Union, SD
046129,Walworth, SD
046135,Yankton, SD
046137,Ziebach, SD
047001,Anderson, TN
047003,Bedford, TN
047005,Benton, TN
047007,Bledsoe, TN
047009,Blount, TN
047011,Bradley, TN
047013,Campbell, TN
047015,Cannon, TN
047017,Carroll, TN
047019,Carter, TN
047021,Cheatham, TN
047023,Chester, TN
047025,Claiborne, TN
047027,Clay, TN
047029,Cocke, TN
047031,Coffee, TN
047033,Crockett, TN
047035,Cumberland, TN
047037,Davidson, TN
047039,Decatur, TN
047041,DeKalb, TN
047043,Dickson, TN
047045,Dyer, TN
047047,Fayette, TN
047049,Fentress, TN
047051,Franklin, TN
047053,Gibson, TN
047055,Giles, TN
047057,Grainger, TN
047059,Greene, TN
047061,Grundy, TN
047063,Hamblen, TN
047065,Hamilton, TN
047067,Hancock, TN
047069,Hardeman, TN
047071,Hardin, TN
047073,Hawkins, TN
047075,Haywood, TN
047077,Henderson, TN
047079,Henry, TN
047081,Hickman, TN
047083,Houston, TN
047085,Humphreys, TN
047087,Jackson, TN
047089,Jefferson, TN
047091,Johnson, TN
047093,Knox, TN
047095,Lake, TN
047097,Lauderdale, TN
047099,Lawrence, TN
047101,Lewis, TN
047103,Lincoln, TN
047105,Loudon, TN
047107,McMinn, TN
047109,McNairy, TN
047111,Macon, TN
047113,Madison, TN
047115,Marion, TN
047117,Marshall, TN
047119,Maury, TN
047121,Meigs, TN
047123,Monroe, TN
047125,Montgomery, TN
047127,Moore, TN
047129,Morgan, TN
047131,Obion, TN
047133,Overton, TN
047135,Perry, TN
047137,Pickett, TN
047139,Polk, TN
047141,Putnam, TN
047143,Rhea, TN
047145,Roane, TN
047147,Robertson, TN
047149,Rutherford, TN
047151,Scott, TN
047153,Sequatchie, TN
047155,Sevier, TN
047157,Shelby, TN
047159,Smith, TN
047161,Stewart, TN
047163,Sullivan, TN
047165,Sumner, TN
047167,Tipton, TN
047169,Trousdale, TN
047171,Unicoi, TN
047173,Union, TN
047175,Van Buren, TN
047177,Warren, TN
047179,Washington, TN
047181,Wayne, TN
047183,Weakley, TN
047185,White, TN
047187,Williamson, TN
047189,Wilson, TN
048001,Anderson, TX
048003,Andrews, TX
048005,Angelina, TX
048007,Aransas, TX
048009,Archer, TX
048011,Armstrong, TX
048013,Atascosa, TX
048015,Austin, TX
048017,Bailey, TX
048019,Bandera, TX
048021,Bastrop, TX
048023,Baylor, TX
048025,Bee, TX
048027,Bell, TX
048029,Bexar, TX
048031,Blanco, TX
048033,Borden, TX
048035,Bosque, TX
048037,Bowie, TX
048039,Brazoria, TX
048041,Brazos, TX
048043,Brewster, TX
048045,Briscoe, TX
048047,Brooks, TX
048049,Brown, TX
048051,Burleson, TX
048053,Burnet, TX
048055,Caldwell, TX
048057,Calhoun, TX
048059,Callahan, TX
048061,Cameron, TX
048063,Camp, TX
048065,Carson, TX
048067,Cass, TX
048069,Castro, TX
048071,Chambers, TX
048073,Cherokee, TX
048075,Childress, TX
048077,Clay, TX
048079,Cochran, TX
048081,Coke, TX
048083,Coleman, TX
048085,Collin, TX
048087,Collingsworth, TX
048089,Colorado, TX
048091,Comal, TX
048093,Comanche, TX
048095,Concho, TX
048097,Cooke, TX
048099,Coryell, TX
048101,Cottle, TX
048103,Crane, TX
048105,Crockett, TX
048107,Crosby, TX
048109,Culberson, TX
048111,Dallam, TX
048113,Dallas, TX
048115,Dawson, TX
048117,Deaf Smith, TX
048119,Delta, TX
048121,Denton, TX
048123,DeWitt, TX
048125,Dickens, TX
048127,Dimmit, TX
048129,Donley, TX
048131,Duval, TX
048133,Eastland, TX
048135,Ector, TX
048137,Edwards, TX
048139,Ellis, TX
048141,El Paso, TX
048143,Erath, TX
048145,Falls, TX
048147,Fannin, TX
048149,Fayette, TX
048151,Fisher, TX
048153,Floyd, TX
048155,Foard, TX
048157,Fort Bend, TX
048159,Franklin, TX
048161,Freestone, TX
048163,Frio, TX
048165,Gaines, TX
048167,Galveston, TX
048169,Garza, TX
048171,Gillespie, TX
048173,Glasscock, TX
048175,Goliad, TX
048177,Gonzales, TX
048179,Gray, TX
048181,Grayson, TX
048183,Gregg, TX
048185,Grimes, TX
048187,Guadalupe, TX
048189,Hale, TX
048191,Hall, TX
048193,Hamilton, TX
048195,Hansford, TX
048197,Hardeman, TX
048199,Hardin, TX
048201,Harris, TX
048203,Harrison, TX
048205,Hartley, TX
048207,Haskell, TX
048209,Hays, TX
048211,Hemphill, TX
048213,Henderson, TX
048215,Hidalgo, TX
048217,Hill, TX
048219,Hockley, TX
048221,Hood, TX
048223,Hopkins, TX
048225,Houston, TX
048227,Howard, TX
048229,Hudspeth, TX
048231,Hunt, TX
048233,Hutchinson, TX
048235,Irion, TX
048237,Jack, TX
048239,Jackson, TX
048241,Jasper, TX
048243,Jeff Davis, TX
048245,Jefferson, TX
048247,Jim Hogg, TX
048249,Jim Wells, TX
048251,Johnson, TX
048253,Jones, TX
048255,Karnes, TX
048257,Kaufman, TX
048259,Kendall, TX
048261,Kenedy, TX
048263,Kent, TX
048265,Kerr, TX
048267,Kimble, TX
048269,King, TX
048271,Kinney, TX
048273,Kleberg, TX
048275,Knox, TX
048277,Lamar, TX
048279,Lamb, TX
048281,Lampasas, TX
048283,La Salle, TX
048285,Lavaca, TX
048287,Lee, TX
048289,Leon, TX
048291,Liberty, TX
048293,Limestone, TX
048295,Lipscomb, TX
048297,Live Oak, TX
048299,Llano, TX
048301,Loving, TX
048303,Lubbock, TX
048305,Lynn, TX
048307,McCulloch, TX
048309,McLennan, TX
048311,McMullen, TX
048313,Madison, TX
048315,Marion, TX
048317,Martin, TX
048319,Mason, TX
048321,Matagorda, TX
048323,Maverick, TX
048325,Medina, TX
048327,Menard, TX
048329,Midland, TX
048331,Milam, TX
048333,Mills, TX
048335,Mitchell, TX
048337,Montague, TX
048339,Montgomery, TX
048341,Moore, TX
048343,Morris, TX
048345,Motley, TX
048347,Nacogdoches, TX
048349,Navarro, TX
048351,Newton, TX
048353,Nolan, TX
048355,Nueces, TX
048357,Ochiltree, TX
048359,Oldham, TX
048361,Orange, TX
048363,Palo Pinto, TX
048365,Panola, TX
048367,Parker, TX
048369,Parmer, TX
048371,Pecos, TX
048373,Polk, TX
048375,Potter, TX
048377,Presidio, TX
048379,Rains, TX
048381,Randall, TX
048383,Reagan, TX
048385,Real, TX
048387,Red River, TX
048389,Reeves, TX
048391,Refugio, TX
048393,Roberts, TX
048395,Robertson, TX
048397,Rockwall, TX
048399,Runnels, TX
048401,Rusk, TX
048403,Sabine, TX
048405,San Augustine, TX
048407,San Jacinto, TX
048409,San Patricio, TX
048411,San Saba, TX
048413,Schleicher, TX
048415,Scurry, TX
048417,Shackelford, TX
048419,Shelby, TX
048421,Sherman, TX
048423,Smith, TX
048425,Somervell, TX
048427,Starr, TX
048429,Stephens, TX
048431,Sterling, TX
048433,Stonewall, TX
048435,Sutton, TX
048437,Swisher, TX
048439,Tarrant, TX
048441,Taylor, TX
048443,Terrell, TX
048445,Terry, TX
048447,Throckmorton, TX
048449,Titus, TX
048451,Tom Green, TX
048453,Travis, TX
048455,Trinity, TX
048457,Tyler, TX
048459,Upshur, TX
048461,Upton, TX
048463,Uvalde, TX
048465,Val Verde, TX
048467,Van Zandt, TX
048469,Victoria, TX
048471,Walker, TX
048473,Waller, TX
048475,Ward, TX
048477,Washington, TX
048479,Webb, TX
048481,Wharton, TX
048483,Wheeler, TX
048485,Wichita, TX
048487,Wilbarger, TX
048489,Willacy, TX
048491,Williamson, TX
048493,Wilson, TX
048495,Winkler, TX
048497,Wise, TX
048499,Wood, TX
048501,Yoakum, TX
048503,Young, TX
048505,Zapata, TX
048507,Zavala, TX
049001,Beaver, UT
049003,Box Elder, UT
049005,Cache, UT
049007,Carbon, UT
049009,Daggett, UT
049011,Davis, UT
049013,Duchesne, UT
049015,Emery, UT
049017,Garfield, UT
049019,Grand, UT
049021,Iron, UT
049023,Juab, UT
049025,Kane, UT
049027,Millard, UT
049029,Morgan, UT
049031,Piute, UT
049033,Rich, UT
049035,Salt Lake, UT
049037,San Juan, UT
049039,Sanpete, UT
049041,Sevier, UT
049043,Summit, UT
049045,Tooele, UT
049047,Uintah, UT
049049,Utah, UT
049051,Wasatch, UT
049053,Washington, UT
049055,Wayne, UT
049057,Weber, UT
050001,Addison, VT
050003,Bennington, VT
050005,Caledonia, VT
050007,Chittenden, VT
050009,Essex, VT
050011,Franklin, VT
050013,Grand Isle, VT
050015,Lamoille, VT
050017,Orange, VT
050019,Orleans, VT
050021,Rutland, VT
050023,Washington, VT
050025,Windham, VT
050027,Windsor, VT
051001,Accomack, VA
051003,Albemarle, VA
051005,Alleghany, VA
051007,Amelia, VA
051009,Amherst, VA
051011,Appomattox, VA
051013,Arlington, VA
051015,Augusta, VA
051017,Bath, VA
051019,Bedford, VA
051021,Bland, VA
051023,Botetourt, VA
051025,Brunswick, VA
051027,Buchanan, VA
051029,Buckingham, VA
051031,Campbell, VA
051033,Caroline, VA
051035,Carroll, VA
051036,Charles City (city), VA
051037,Charlotte, VA
051041,Chesterfield, VA
051043,Clarke, VA
051045,Craig, VA
051047,Culpeper, VA
051049,Cumberland, VA
051051,Dickenson, VA
051053,Dinwiddie, VA
051057,Essex, VA
051059,Fairfax, VA
051061,Fauquier, VA
051063,Floyd, VA
051065,Fluvanna, VA
051067,Franklin, VA
051069,Frederick, VA
051071,Giles, VA
051073,Gloucester, VA
051075,Goochland, VA
051077,Grayson, VA
051079,Greene, VA
051081,Greensville, VA
051083,Halifax, VA
051085,Hanover, VA
051087,Henrico, VA
051089,Henry, VA
051091,Highland, VA
051093,Isle of Wight, VA
051095,James City (city), VA
051097,King and Queen, VA
051099,King George, VA
051101,King William, VA
051103,Lancaster, VA
051105,Lee, VA
051107,Loudoun, VA
051109,Louisa, VA
051111,Lunenburg, VA
051113,Madison, VA
051115,Mathews, VA
051117,Mecklenburg, VA
051119,Middlesex, VA
051121,Montgomery, VA
051125,Nelson, VA
051127,New Kent, VA
051131,Northampton, VA
051133,Northumberland, VA
051135,Nottoway, VA
051137,Orange, VA
051139,Page, VA
051141,Patrick, VA
051143,Pittsylvania, VA
051145,Powhatan, VA
051147,Prince Edward, VA
051149,Prince George, VA
051153,Prince William, VA
051155,Pulaski, VA
051157,Rappahannock, VA
051159,Richmond, VA
051161,Roanoke, VA
051163,Rockbridge, VA
051165,Rockingham, VA
051167,Russell, VA
051169,Scott, VA
051171,Shenandoah, VA
051173,Smyth, VA
051175,Southampton, VA
051177,Spotsylvania, VA
051179,Stafford, VA
051181,Surry, VA
051183,Sussex, VA
051185,Tazewell, VA
051187,Warren, VA
051191,Washington, VA
051193,Westmoreland, VA
051195,Wise, VA
051197,Wythe, VA
051199,York, VA
051510,Alexandria (city), VA
051515,Bedford (city), VA
051520,Bristol (city), VA
051530,Buena Vista (city), VA
051540,Charlottesville (city), VA
051550,Chesapeake (city), VA
051560,Clifton Forge (city), VA
051570,Colonial Heights (city), VA
051580,Covington (city), VA
051590,Danville (city), VA
051595,Emporia (city), VA
051600,Fairfax (city), VA
051610,Falls Church (city), VA
051620,Franklin (city), VA
051630,Fredericksburg (city), VA
051640,Galax (city), VA
051650,Hampton (city), VA
051660,Harrisonburg (city), VA
051670,Hopewell (city), VA
051678,Lexington (city), VA
051680,Lynchburg (city), VA
051683,Manassas (city), VA
051685,Manassas Park (city), VA
051690,Martinsville (city), VA
051700,Newport News (city), VA
051710,Norfolk (city), VA
051720,Norton (city), VA
051730,Petersburg (city), VA
051735,Poquoson (city), VA
051740,Portsmouth (city), VA
051750,Radford (city), VA
051760,Richmond (city), VA
051770,Roanoke (city), VA
051775,Salem (city), VA
051790,Staunton (city), VA
051800,Suffolk (city), VA
051810,Virginia Beach (city), VA
051820,Waynesboro (city), VA
051830,Williamsburg (city), VA
051840,Winchester (city), VA
053001,Adams, WA
053003,Asotin, WA
053005,Benton, WA
053007,Chelan, WA
053009,Clallam, WA
053011,Clark, WA
053013,Columbia, WA
053015,Cowlitz, WA
053017,Douglas, WA
053019,Ferry, WA
053021,Franklin, WA
053023,Garfield, WA
053025,Grant, WA
053027,Grays Harbor, WA
053029,Island, WA
053031,Jefferson, WA
053033,King, WA
053035,Kitsap, WA
053037,Kittitas, WA
053039,Klickitat, WA
053041,Lewis, WA
053043,Lincoln, WA
053045,Mason, WA
053047,Okanogan, WA
053049,Pacific, WA
053051,Pend Oreille, WA
053053,Pierce, WA
053055,San Juan, WA
053057,Skagit, WA
053059,Skamania, WA
053061,Snohomish, WA
053063,Spokane, WA
053065,Stevens, WA
053067,Thurston, WA
053069,Wahkiakum, WA
053071,Walla Walla, WA
053073,Whatcom, WA
053075,Whitman, WA
053077,Yakima, WA
054001,Barbour, WV
054003,Berkeley, WV
054005,Boone, WV
054007,Braxton, WV
054009,Brooke, WV
054011,Cabell, WV
054013,Calhoun, WV
054015,Clay, WV
054017,Doddridge, WV
054019,Fayette, WV
054021,Gilmer, WV
054023,Grant, WV
054025,Greenbrier, WV
054027,Hampshire, WV
054029,Hancock, WV
054031,Hardy, WV
054033,Harrison, WV
054035,Jackson, WV
054037,Jefferson, WV
054039,Kanawha, WV
054041,Lewis, WV
054043,Lincoln, WV
054045,Logan, WV
054047,McDowell, WV
054049,Marion, WV
054051,Marshall, WV
054053,Mason, WV
054055,Mercer, WV
054057,Mineral, WV
054059,Mingo, WV
054061,Monongalia, WV
054063,Monroe, WV
054065,Morgan, WV
054067,Nicholas, WV
054069,Ohio, WV
054071,Pendleton, WV
054073,Pleasants, WV
054075,Pocahontas, WV
054077,Preston, WV
054079,Putnam, WV
054081,Raleigh, WV
054083,Randolph, WV
054085,Ritchie, WV
054087,Roane, WV
054089,Summers, WV
054091,Taylor, WV
054093,Tucker, WV
054095,Tyler, WV
054097,Upshur, WV
054099,Wayne, WV
054101,Webster, WV
054103,Wetzel, WV
054105,Wirt, WV
054107,Wood, WV
054109,Wyoming, WV
055001,Adams, WI
055003,Ashland, WI
055005,Barron, WI
055007,Bayfield, WI
055009,Brown, WI
055011,Buffalo, WI
055013,Burnett, WI
055015,Calumet, WI
055017,Chippewa, WI
055019,Clark, WI
055021,Columbia, WI
055023,Crawford, WI
055025,Dane, WI
055027,Dodge, WI
055029,Door, WI
055031,Douglas, WI
055033,Dunn, WI
055035,Eau Claire, WI
055037,Florence, WI
055039,Fond du Lac, WI
055041,Forest, WI
055043,Grant, WI
055045,Green, WI
055047,Green Lake, WI
055049,Iowa, WI
055051,Iron, WI
055053,Jackson, WI
055055,Jefferson, WI
055057,Juneau, WI
055059,Kenosha, WI
055061,Kewaunee, WI
055063,La Crosse, WI
055065,Lafayette, WI
055067,Langlade, WI
055069,Lincoln, WI
055071,Manitowoc, WI
055073,Marathon, WI
055075,Marinette, WI
055077,Marquette, WI
055078,Menominee, WI
055079,Milwaukee, WI
055081,Monroe, WI
055083,Oconto, WI
055085,Oneida, WI
055087,Outagamie, WI
055089,Ozaukee, WI
055091,Pepin, WI
055093,Pierce, WI
055095,Polk, WI
055097,Portage, WI
055099,Price, WI
055101,Racine, WI
055103,Richland, WI
055105,Rock, WI
055107,Rusk, WI
055109,St. Croix, WI
055111,Sauk, WI
055113,Sawyer, WI
055115,Shawano, WI
055117,Sheboygan, WI
055119,Taylor, WI
055121,Trempealeau, WI
055123,Vernon, WI
055125,Vilas, WI
055127,Walworth, WI
055129,Washburn, WI
055131,Washington, WI
055133,Waukesha, WI
055135,Waupaca, WI
055137,Waushara, WI
055139,Winnebago, WI
055141,Wood, WI
056001,Albany, WY
056003,Big Horn, WY
056005,Campbell, WY
056007,Carbon, WY
056009,Converse, WY
056011,Crook, WY
056013,Fremont, WY
056015,Goshen, WY
056017,Hot Springs, WY
056019,Johnson, WY
056021,Laramie, WY
056023,Lincoln, WY
056025,Natrona, WY
056027,Niobrara, WY
056029,Park, WY
056031,Platte, WY
056033,Sheridan, WY
056035,Sublette, WY
056037,Sweetwater, WY
056039,Teton, WY
056041,Uinta, WY
056043,Washakie, WY
056045,Weston, WY
060010,Eastern District, AS
060020,Manu'a District, AS
060030,Rose Island, AS
060040,Swains Island, AS
060050,Western District, AS
066010,Guam, GU
069085,Northern Islands, MP
069100,Rota, MP
069110,Saipan, MP
069120,Tinian, MP
072001,Adjuntas, PR
072003,Aguada, PR
072005,Aguadilla, PR
072007,Aguas Buenas, PR
072009,Aibonito, PR
072011,Anasco, PR
072013,Arecibo, PR
072015,Arroyo, PR
072017,Barceloneta, PR
072019,Barranquitas, PR
072021,Bayamo'n, PR
072023,Cabo Rojo, PR
072025,Caguas, PR
072027,Camuy, PR
072029,Canovanas, PR
072031,Carolina, PR
072033,Catano, PR
072035,Cayey, PR
072037,Ceiba, PR
072039,Ciales, PR
072041,Cidra, PR
072043,Coamo, PR
072045,Comerio, PR
072047,Corozal, PR
072049,Culebra, PR
072051,Dorado, PR
072053,Fajardo, PR
072054,Florida, PR
072055,Guanica, PR
072057,Guayama, PR
072059,Guayanilla, PR
072061,Guaynabo, PR
072063,Gurabo, PR
072065,Hatillo, PR
072067,Hormigueros, PR
072069,Humacao, PR
072071,lsabela, PR
072073,Jayuya, PR
072075,Juana Diaz, PR
072077,Juncos, PR
072079,Lajas, PR
072081,Lares, PR
072083,Las Marias, PR
072085,Las Piedras, PR
072087,Loiza, PR
072089,Luquillo, PR
072091,Manati, PR
072093,Maricao, PR
072095,Maunabo, PR
072097,Mayaguez, PR
072099,Moca, PR
072101,Morovis, PR
072103,Naguabo, PR
072105,Naranjito, PR
072107,Orocovis, PR
072109,Patillas, PR
072111,Penuelas, PR
072113,Ponce, PR
072115,Quebradillas, PR
072117,Rincon, PR
072119,Rio Grande, PR
072121,Sabana Grande, PR
072123,Salinas, PR
072125,San German, PR
072127,San Juan, PR
072129,San Lorenzo, PR
072131,San Sebastian, PR
072133,Santa Isabel, PR
072135,Toa Alta, PR
072137,Toa Baja, PR
072139,Trujillo Alto, PR
072141,Utuado, PR
072143,Vega Alta, PR
072145,Vega Baja, PR
072147,Vieques, PR
072149,Villalba, PR
072151,Yabucoa, PR
072153,Yauco, PR
078010,St. Croix, VI
078020,St. John, VI
078030,St. Thomas, VI
064002,Chuuk*, FM
064005,Kosrae, FM
064040,Pohnpeit*, FM
064060,Yap, FM
068007,Ailinginae, MH
068010,Ailinglaplap, MH
068030,Ailuk, MH
068040,Arno, MH
068050,Aur, MH
068060,Bikar, MH
068070,Bikini, MH
068073,Bokak, MH
068080,Ebon, MH
068090,Enewetak, MH
068100,Erikub, MH
068110,Jabat, MH
068120,Jaluit, MH
068130,Jemo*, MH
068140,Kili, MH
068150,Kwajalein, MH
068160,Lae, MH
068170,Lib, MH
068180,Likiep, MH
068190,Majuro, MH
068300,Maloelap, MH
068310,Mejit, MH
068320,Mili, MH
068330,Namorik, MH
068340,Namu, MH
068350,Rongelap, MH
068360,Rongrik, MH
068385,Toke, MH
068390,Ujae, MH
068400,Ujelang, MH
068410,Utrik, MH
068420,Wotho, MH
068430,Wotle, MH
070002,Aimeliik, PW
070004,Airai, PW
070010,Angaur, PW
070050,Hatoboheit*, PW
070100,Kayangel, PW
070150,Koror, PW
070212,Melekeok*, PW
070214,Ngaraard, PW
070218,Ngarchelong, PW
070222,Ngardmau, PW
070224,Ngatpang, PW
070226,Ngchesar, PW
070227,Ngernmlengui*, PW
070228,Ngiwal, PW
070350,Peleliu, PW
070370,Sonsorol, PW
074050,Baker Island, UM
074100,Howland Island, UM
074150,Jarvis Island, UM
074200,Johnston Island, UM
074250,Kingman Reef, UM
074300,Midway Islands, UM
074350,Navassa Island, UM
074400,Palmyra Atoll, UM
074450,Wake Island, UM